timeStamp,elapsed,label,responseCode,responseMessage,threadName,dataType,success,failureMessage,bytes,sentBytes,grpThreads,allThreads,URL,Latency,IdleTime,Connect
1629202045764,7029,OrangeHrm API,200,OK,Thread Group 1-40,text,true,,39289,136,500,500,https://opensource-demo.orangehrmlive.com/,6695,0,5760
1629202047112,5745,OrangeHrm API,200,OK,Thread Group 1-394,text,true,,39289,136,500,500,https://opensource-demo.orangehrmlive.com/,5122,0,4557
1629202045799,7179,OrangeHrm API,200,OK,Thread Group 1-54,text,true,,39289,136,499,499,https://opensource-demo.orangehrmlive.com/,6541,0,5871
1629202046111,6949,OrangeHrm API,200,OK,Thread Group 1-181,text,true,,39289,136,498,498,https://opensource-demo.orangehrmlive.com/,6295,0,5622
1629202047641,5481,OrangeHrm API,200,OK,Thread Group 1-421,text,true,,39289,136,497,497,https://opensource-demo.orangehrmlive.com/,4763,0,4061
1629202046088,7168,OrangeHrm API,200,OK,Thread Group 1-172,text,true,,39289,136,496,496,https://opensource-demo.orangehrmlive.com/,6385,0,5682
1629202046070,7419,OrangeHrm API,200,OK,Thread Group 1-163,text,true,,39289,136,495,495,https://opensource-demo.orangehrmlive.com/,6465,0,5730
1629202045738,7825,OrangeHrm API,200,OK,Thread Group 1-117,text,true,,39289,136,494,494,https://opensource-demo.orangehrmlive.com/,6470,0,5881
1629202046085,7479,OrangeHrm API,200,OK,Thread Group 1-171,text,true,,39289,136,494,494,https://opensource-demo.orangehrmlive.com/,6294,0,5535
1629202045763,7840,OrangeHrm API,200,OK,Thread Group 1-43,text,true,,39289,136,493,493,https://opensource-demo.orangehrmlive.com/,6897,0,6099
1629202046107,7572,OrangeHrm API,200,OK,Thread Group 1-180,text,true,,39289,136,491,491,https://opensource-demo.orangehrmlive.com/,6259,0,5537
1629202046090,7628,OrangeHrm API,200,OK,Thread Group 1-173,text,true,,39289,136,490,490,https://opensource-demo.orangehrmlive.com/,6301,0,5502
1629202047105,6617,OrangeHrm API,200,OK,Thread Group 1-390,text,true,,39289,136,489,489,https://opensource-demo.orangehrmlive.com/,5336,0,4489
1629202046068,7657,OrangeHrm API,200,OK,Thread Group 1-160,text,true,,39289,136,488,488,https://opensource-demo.orangehrmlive.com/,6180,0,5575
1629202045728,7997,OrangeHrm API,200,OK,Thread Group 1-95,text,true,,39289,136,488,488,https://opensource-demo.orangehrmlive.com/,6670,0,5968
1629202046095,7634,OrangeHrm API,200,OK,Thread Group 1-175,text,true,,39289,136,486,486,https://opensource-demo.orangehrmlive.com/,6563,0,5740
1629202045768,7993,OrangeHrm API,200,OK,Thread Group 1-10,text,true,,39289,136,485,485,https://opensource-demo.orangehrmlive.com/,6632,0,5928
1629202045764,8061,OrangeHrm API,200,OK,Thread Group 1-41,text,true,,39289,136,484,484,https://opensource-demo.orangehrmlive.com/,6663,0,5803
1629202045750,8107,OrangeHrm API,200,OK,Thread Group 1-112,text,true,,39289,136,483,483,https://opensource-demo.orangehrmlive.com/,6450,0,5817
1629202046073,8010,OrangeHrm API,200,OK,Thread Group 1-166,text,true,,39289,136,482,482,https://opensource-demo.orangehrmlive.com/,6340,0,5650
1629202046080,8246,OrangeHrm API,200,OK,Thread Group 1-169,text,true,,39289,136,481,481,https://opensource-demo.orangehrmlive.com/,6535,0,5735
1629202046075,8418,OrangeHrm API,200,OK,Thread Group 1-167,text,true,,39289,136,480,480,https://opensource-demo.orangehrmlive.com/,7474,0,6046
1629202046099,8543,OrangeHrm API,200,OK,Thread Group 1-178,text,true,,39289,136,479,479,https://opensource-demo.orangehrmlive.com/,6725,0,5809
1629202045746,9201,OrangeHrm API,200,OK,Thread Group 1-118,text,true,,39289,136,478,478,https://opensource-demo.orangehrmlive.com/,6662,0,5995
1629202045796,9300,OrangeHrm API,200,OK,Thread Group 1-52,text,true,,39289,136,477,477,https://opensource-demo.orangehrmlive.com/,7385,0,6228
1629202045967,9142,OrangeHrm API,200,OK,Thread Group 1-127,text,true,,39289,136,476,476,https://opensource-demo.orangehrmlive.com/,7410,0,6122
1629202045799,9386,OrangeHrm API,200,OK,Thread Group 1-55,text,true,,39289,136,475,475,https://opensource-demo.orangehrmlive.com/,7528,0,6262
1629202045769,13125,OrangeHrm API,200,OK,Thread Group 1-33,text,true,,39289,136,473,473,https://opensource-demo.orangehrmlive.com/,8239,0,6579
1629202046103,13551,OrangeHrm API,200,OK,Thread Group 1-179,text,true,,39289,136,472,472,https://opensource-demo.orangehrmlive.com/,10783,0,6835
1629202045663,14298,OrangeHrm API,200,OK,Thread Group 1-78,text,true,,39289,136,471,471,https://opensource-demo.orangehrmlive.com/,9150,0,7264
1629202046072,13926,OrangeHrm API,200,OK,Thread Group 1-165,text,true,,39289,136,470,470,https://opensource-demo.orangehrmlive.com/,10045,0,8136
1629202046059,13953,OrangeHrm API,200,OK,Thread Group 1-156,text,true,,39289,136,469,469,https://opensource-demo.orangehrmlive.com/,13953,0,8295
1629202046911,13184,OrangeHrm API,200,OK,Thread Group 1-302,text,true,,39289,136,468,468,https://opensource-demo.orangehrmlive.com/,11371,0,9532
1629202046890,13331,OrangeHrm API,200,OK,Thread Group 1-291,text,true,,39289,136,467,467,https://opensource-demo.orangehrmlive.com/,11473,0,9604
1629202045774,14847,OrangeHrm API,200,OK,Thread Group 1-14,text,true,,39289,136,466,466,https://opensource-demo.orangehrmlive.com/,12972,0,7158
1629202045969,15061,OrangeHrm API,200,OK,Thread Group 1-106,text,true,,39289,136,465,465,https://opensource-demo.orangehrmlive.com/,7855,0,6293
1629202046201,14891,OrangeHrm API,200,OK,Thread Group 1-191,text,true,,39289,136,464,464,https://opensource-demo.orangehrmlive.com/,13048,0,7475
1629202045769,16440,OrangeHrm API,200,OK,Thread Group 1-15,text,true,,39289,136,463,463,https://opensource-demo.orangehrmlive.com/,9310,0,7404
1629202045764,17120,OrangeHrm API,200,OK,Thread Group 1-16,text,true,,39289,136,462,462,https://opensource-demo.orangehrmlive.com/,7186,0,6204
1629202046049,16853,OrangeHrm API,200,OK,Thread Group 1-151,text,true,,39289,136,461,461,https://opensource-demo.orangehrmlive.com/,9818,0,6911
1629202047288,15654,OrangeHrm API,200,OK,Thread Group 1-398,text,true,,39289,136,460,460,https://opensource-demo.orangehrmlive.com/,12102,0,9337
1629202046921,16190,OrangeHrm API,200,OK,Thread Group 1-341,text,true,,39289,136,459,459,https://opensource-demo.orangehrmlive.com/,14088,0,9444
1629202046119,17274,OrangeHrm API,200,OK,Thread Group 1-182,text,true,,39289,136,458,458,https://opensource-demo.orangehrmlive.com/,12037,0,6696
1629202046296,17109,OrangeHrm API,200,OK,Thread Group 1-199,text,true,,39289,136,457,457,https://opensource-demo.orangehrmlive.com/,9955,0,8044
1629202046040,17443,OrangeHrm API,200,OK,Thread Group 1-137,text,true,,39289,136,456,456,https://opensource-demo.orangehrmlive.com/,17442,0,7149
1629202045974,17973,OrangeHrm API,200,OK,Thread Group 1-128,text,true,,39289,136,455,455,https://opensource-demo.orangehrmlive.com/,16126,0,6687
1629202045804,18374,OrangeHrm API,200,OK,Thread Group 1-62,text,true,,39289,136,454,454,https://opensource-demo.orangehrmlive.com/,15150,0,8286
1629202047611,16734,OrangeHrm API,200,OK,Thread Group 1-428,text,true,,39289,136,453,453,https://opensource-demo.orangehrmlive.com/,14836,0,12077
1629202047094,17747,OrangeHrm API,200,OK,Thread Group 1-387,text,true,,39289,136,452,452,https://opensource-demo.orangehrmlive.com/,6563,0,5014
1629202045671,19204,OrangeHrm API,200,OK,Thread Group 1-80,text,true,,39289,136,451,451,https://opensource-demo.orangehrmlive.com/,14982,0,10211
1629202045919,19031,OrangeHrm API,200,OK,Thread Group 1-123,text,true,,39289,136,450,450,https://opensource-demo.orangehrmlive.com/,10352,0,8461
1629202046757,18312,OrangeHrm API,200,OK,Thread Group 1-317,text,true,,39289,136,449,449,https://opensource-demo.orangehrmlive.com/,15543,0,9301
1629202046614,18828,OrangeHrm API,200,OK,Thread Group 1-249,text,true,,39289,136,448,448,https://opensource-demo.orangehrmlive.com/,11821,0,7926
1629202046056,19549,OrangeHrm API,200,OK,Thread Group 1-154,text,true,,39289,136,447,447,https://opensource-demo.orangehrmlive.com/,12784,0,7031
1629202046372,19440,OrangeHrm API,200,OK,Thread Group 1-274,text,true,,39289,136,446,446,https://opensource-demo.orangehrmlive.com/,14234,0,11475
1629202046909,18910,OrangeHrm API,200,OK,Thread Group 1-332,text,true,,39289,136,445,445,https://opensource-demo.orangehrmlive.com/,13713,0,9543
1629202045722,20267,OrangeHrm API,200,OK,Thread Group 1-93,text,true,,39289,136,444,444,https://opensource-demo.orangehrmlive.com/,6722,0,6047
1629202046854,19325,OrangeHrm API,200,OK,Thread Group 1-248,text,true,,39289,136,443,443,https://opensource-demo.orangehrmlive.com/,18401,0,9504
1629202045770,20491,OrangeHrm API,200,OK,Thread Group 1-36,text,true,,39289,136,442,442,https://opensource-demo.orangehrmlive.com/,14388,0,9808
1629202046763,19643,OrangeHrm API,200,OK,Thread Group 1-339,text,true,,39289,136,441,441,https://opensource-demo.orangehrmlive.com/,17833,0,13238
1629202045952,20555,OrangeHrm API,200,OK,Thread Group 1-104,text,true,,39289,136,440,440,https://opensource-demo.orangehrmlive.com/,20554,0,10360
1629202046255,20419,OrangeHrm API,200,OK,Thread Group 1-203,text,true,,39289,136,439,439,https://opensource-demo.orangehrmlive.com/,17647,0,9116
1629202045812,20969,OrangeHrm API,200,OK,Thread Group 1-48,text,true,,39289,136,438,438,https://opensource-demo.orangehrmlive.com/,17219,0,9746
1629202045686,21131,OrangeHrm API,200,OK,Thread Group 1-83,text,true,,39289,136,437,437,https://opensource-demo.orangehrmlive.com/,15537,0,10097
1629202045811,21139,OrangeHrm API,200,OK,Thread Group 1-17,text,true,,39289,136,436,436,https://opensource-demo.orangehrmlive.com/,20205,0,9902
1629202047552,19551,OrangeHrm API,200,OK,Thread Group 1-460,text,true,,39289,136,435,435,https://opensource-demo.orangehrmlive.com/,16766,0,9689
1629202045786,21353,OrangeHrm API,200,OK,Thread Group 1-24,text,true,,39289,136,434,434,https://opensource-demo.orangehrmlive.com/,21345,0,10072
1629202046369,21017,OrangeHrm API,200,OK,Thread Group 1-239,text,true,,39289,136,433,433,https://opensource-demo.orangehrmlive.com/,13982,0,9292
1629202046866,20524,OrangeHrm API,200,OK,Thread Group 1-286,text,true,,39289,136,432,432,https://opensource-demo.orangehrmlive.com/,13265,0,9708
1629202046611,20907,OrangeHrm API,200,OK,Thread Group 1-247,text,true,,39289,136,431,431,https://opensource-demo.orangehrmlive.com/,14907,0,12153
1629202047615,19918,OrangeHrm API,200,OK,Thread Group 1-436,text,true,,39289,136,430,430,https://opensource-demo.orangehrmlive.com/,18072,0,10906
1629202045755,21806,OrangeHrm API,200,OK,Thread Group 1-98,text,true,,39289,136,429,429,https://opensource-demo.orangehrmlive.com/,9253,0,6798
1629202046215,21477,OrangeHrm API,200,OK,Thread Group 1-209,text,true,,39289,136,428,428,https://opensource-demo.orangehrmlive.com/,17766,0,8839
1629202045770,22101,OrangeHrm API,200,OK,Thread Group 1-5,text,true,,39289,136,427,427,https://opensource-demo.orangehrmlive.com/,8496,0,6710
1629202047606,20310,OrangeHrm API,200,OK,Thread Group 1-424,text,true,,39289,136,426,426,https://opensource-demo.orangehrmlive.com/,11665,0,9359
1629202046852,21132,OrangeHrm API,200,OK,Thread Group 1-280,text,true,,39289,136,425,425,https://opensource-demo.orangehrmlive.com/,14102,0,9503
1629202046776,21228,OrangeHrm API,200,OK,Thread Group 1-305,text,true,,39289,136,424,424,https://opensource-demo.orangehrmlive.com/,16041,0,13251
1629202045770,22236,OrangeHrm API,200,OK,Thread Group 1-34,text,true,,39289,136,423,423,https://opensource-demo.orangehrmlive.com/,21283,0,11227
1629202046218,21790,OrangeHrm API,200,OK,Thread Group 1-210,text,true,,39289,136,422,422,https://opensource-demo.orangehrmlive.com/,19941,0,8495
1629202046714,21320,OrangeHrm API,200,OK,Thread Group 1-307,text,true,,39289,136,421,421,https://opensource-demo.orangehrmlive.com/,12260,0,9299
1629202046857,21313,OrangeHrm API,200,OK,Thread Group 1-281,text,true,,39289,136,420,420,https://opensource-demo.orangehrmlive.com/,16280,0,9548
1629202046411,21809,OrangeHrm API,200,OK,Thread Group 1-229,text,true,,39289,136,419,419,https://opensource-demo.orangehrmlive.com/,19024,0,8432
1629202045977,22394,OrangeHrm API,200,OK,Thread Group 1-129,text,true,,39289,136,418,418,https://opensource-demo.orangehrmlive.com/,16794,0,6944
1629202045788,22767,OrangeHrm API,200,OK,Thread Group 1-27,text,true,,39289,136,417,417,https://opensource-demo.orangehrmlive.com/,18572,0,13984
1629202046046,22625,OrangeHrm API,200,OK,Thread Group 1-139,text,true,,39289,136,416,416,https://opensource-demo.orangehrmlive.com/,16645,0,6958
1629202045770,23062,OrangeHrm API,200,OK,Thread Group 1-18,text,true,,39289,136,415,415,https://opensource-demo.orangehrmlive.com/,16974,0,12274
1629202046771,22219,OrangeHrm API,200,OK,Thread Group 1-318,text,true,,39289,136,414,414,https://opensource-demo.orangehrmlive.com/,17077,0,9320
1629202046998,22020,OrangeHrm API,200,OK,Thread Group 1-366,text,true,,39289,136,413,413,https://opensource-demo.orangehrmlive.com/,20166,0,13068
1629202046722,22316,OrangeHrm API,200,OK,Thread Group 1-254,text,true,,39289,136,412,412,https://opensource-demo.orangehrmlive.com/,16584,0,10715
1629202047257,21806,OrangeHrm API,200,OK,Thread Group 1-408,text,true,,39289,136,411,411,https://opensource-demo.orangehrmlive.com/,18059,0,13426
1629202045980,23165,OrangeHrm API,200,OK,Thread Group 1-107,text,true,,39289,136,410,410,https://opensource-demo.orangehrmlive.com/,11850,0,6876
1629202046893,22274,OrangeHrm API,200,OK,Thread Group 1-292,text,true,,39289,136,409,409,https://opensource-demo.orangehrmlive.com/,18624,0,9592
1629202045786,23413,OrangeHrm API,200,OK,Thread Group 1-9,text,true,,39289,136,408,408,https://opensource-demo.orangehrmlive.com/,23410,0,8816
1629202046759,22527,OrangeHrm API,200,OK,Thread Group 1-320,text,true,,39289,136,407,407,https://opensource-demo.orangehrmlive.com/,16570,0,9305
1629202046030,23289,OrangeHrm API,200,OK,Thread Group 1-146,text,true,,39289,136,406,406,https://opensource-demo.orangehrmlive.com/,21461,0,8135
1629202046718,22728,OrangeHrm API,200,OK,Thread Group 1-246,text,true,,39289,136,405,405,https://opensource-demo.orangehrmlive.com/,11082,0,9189
1629202046138,23361,OrangeHrm API,200,OK,Thread Group 1-185,text,true,,39289,136,404,404,https://opensource-demo.orangehrmlive.com/,20534,0,7395
1629202047632,21933,OrangeHrm API,200,OK,Thread Group 1-448,text,true,,39289,136,403,403,https://opensource-demo.orangehrmlive.com/,15891,0,11221
1629202046743,22932,OrangeHrm API,200,OK,Thread Group 1-313,text,true,,39289,136,402,402,https://opensource-demo.orangehrmlive.com/,20110,0,13357
1629202047229,22531,OrangeHrm API,200,OK,Thread Group 1-415,text,true,,39289,136,401,401,https://opensource-demo.orangehrmlive.com/,21449,0,16832
1629202046024,23778,OrangeHrm API,200,OK,Thread Group 1-111,text,true,,39289,136,400,400,https://opensource-demo.orangehrmlive.com/,18583,0,8216
1629202046368,23548,OrangeHrm API,200,OK,Thread Group 1-275,text,true,,39289,136,399,399,https://opensource-demo.orangehrmlive.com/,16719,0,9046
1629202047244,22692,OrangeHrm API,200,OK,Thread Group 1-412,text,true,,39289,136,398,398,https://opensource-demo.orangehrmlive.com/,19940,0,9349
1629202047570,22389,OrangeHrm API,200,OK,Thread Group 1-462,text,true,,39289,136,397,397,https://opensource-demo.orangehrmlive.com/,16871,0,9219
1629202047668,22300,OrangeHrm API,200,OK,Thread Group 1-498,text,true,,39289,136,396,396,https://opensource-demo.orangehrmlive.com/,19554,0,16803
1629202045801,24183,OrangeHrm API,200,OK,Thread Group 1-59,text,true,,39289,136,395,395,https://opensource-demo.orangehrmlive.com/,21433,0,7729
1629202047031,23073,OrangeHrm API,200,OK,Thread Group 1-372,text,true,,39289,136,394,394,https://opensource-demo.orangehrmlive.com/,18624,0,8961
1629202046036,24103,OrangeHrm API,200,OK,Thread Group 1-136,text,true,,39289,136,393,393,https://opensource-demo.orangehrmlive.com/,23186,0,7503
1629202046377,23767,OrangeHrm API,200,OK,Thread Group 1-236,text,true,,39289,136,392,392,https://opensource-demo.orangehrmlive.com/,21012,0,17201
1629202046366,23844,OrangeHrm API,200,OK,Thread Group 1-241,text,true,,39289,136,391,391,https://opensource-demo.orangehrmlive.com/,22929,0,13057
1629202046610,23691,OrangeHrm API,200,OK,Thread Group 1-244,text,true,,39289,136,390,390,https://opensource-demo.orangehrmlive.com/,15900,0,11951
1629202046014,24380,OrangeHrm API,200,OK,Thread Group 1-110,text,true,,39289,136,389,389,https://opensource-demo.orangehrmlive.com/,19196,0,8357
1629202046020,24387,OrangeHrm API,200,OK,Thread Group 1-133,text,true,,39289,136,388,388,https://opensource-demo.orangehrmlive.com/,16478,0,8060
1629202047003,23423,OrangeHrm API,200,OK,Thread Group 1-347,text,true,,39289,136,387,387,https://opensource-demo.orangehrmlive.com/,19755,0,9244
1629202045726,24758,OrangeHrm API,200,OK,Thread Group 1-115,text,true,,39289,136,386,386,https://opensource-demo.orangehrmlive.com/,21107,0,9950
1629202046372,24308,OrangeHrm API,200,OK,Thread Group 1-238,text,true,,39289,136,385,385,https://opensource-demo.orangehrmlive.com/,22390,0,9180
1629202045955,24738,OrangeHrm API,200,OK,Thread Group 1-105,text,true,,39289,136,384,384,https://opensource-demo.orangehrmlive.com/,15313,0,9923
1629202046778,23918,OrangeHrm API,200,OK,Thread Group 1-276,text,true,,39289,136,383,383,https://opensource-demo.orangehrmlive.com/,11355,0,9371
1629202046964,23843,OrangeHrm API,200,OK,Thread Group 1-348,text,true,,39289,136,382,382,https://opensource-demo.orangehrmlive.com/,21424,0,17612
1629202047246,23567,OrangeHrm API,200,OK,Thread Group 1-411,text,true,,39289,136,381,381,https://opensource-demo.orangehrmlive.com/,19920,0,13234
1629202046744,24079,OrangeHrm API,200,OK,Thread Group 1-258,text,true,,39289,136,380,380,https://opensource-demo.orangehrmlive.com/,22246,0,11841
1629202047064,23784,OrangeHrm API,200,OK,Thread Group 1-377,text,true,,39289,136,379,379,https://opensource-demo.orangehrmlive.com/,12117,0,8339
1629202046746,24107,OrangeHrm API,200,OK,Thread Group 1-314,text,true,,39289,136,378,378,https://opensource-demo.orangehrmlive.com/,20445,0,9253
1629202047638,23247,OrangeHrm API,200,OK,Thread Group 1-423,text,true,,39289,136,377,377,https://opensource-demo.orangehrmlive.com/,20499,0,14391
1629202045743,25250,OrangeHrm API,200,OK,Thread Group 1-96,text,true,,39289,136,376,376,https://opensource-demo.orangehrmlive.com/,19210,0,7941
1629202045626,25378,OrangeHrm API,200,OK,Thread Group 1-71,text,true,,39289,136,375,375,https://opensource-demo.orangehrmlive.com/,22375,0,15200
1629202046914,24122,OrangeHrm API,200,OK,Thread Group 1-322,text,true,,39289,136,374,374,https://opensource-demo.orangehrmlive.com/,21348,0,9455
1629202047570,23510,OrangeHrm API,200,OK,Thread Group 1-464,text,true,,39289,136,373,373,https://opensource-demo.orangehrmlive.com/,19131,0,16357
1629202045915,25199,OrangeHrm API,200,OK,Thread Group 1-102,text,true,,39289,136,372,372,https://opensource-demo.orangehrmlive.com/,16720,0,9753
1629202046995,24159,OrangeHrm API,200,OK,Thread Group 1-363,text,true,,39289,136,371,371,https://opensource-demo.orangehrmlive.com/,19628,0,10928
1629202046906,24362,OrangeHrm API,200,OK,Thread Group 1-301,text,true,,39289,136,370,370,https://opensource-demo.orangehrmlive.com/,24361,0,13495
1629202045780,25543,OrangeHrm API,200,OK,Thread Group 1-4,text,true,,39289,136,369,369,https://opensource-demo.orangehrmlive.com/,22751,0,13913
1629202046908,24500,OrangeHrm API,200,OK,Thread Group 1-340,text,true,,39289,136,368,368,https://opensource-demo.orangehrmlive.com/,22665,0,9400
1629202045715,25740,OrangeHrm API,200,OK,Thread Group 1-91,text,true,,39289,136,367,367,https://opensource-demo.orangehrmlive.com/,18684,0,8845
1629202045631,25833,OrangeHrm API,200,OK,Thread Group 1-87,text,true,,39289,136,366,366,https://opensource-demo.orangehrmlive.com/,22139,0,14451
1629202046920,24545,OrangeHrm API,200,OK,Thread Group 1-324,text,true,,39289,136,365,365,https://opensource-demo.orangehrmlive.com/,18900,0,14201
1629202045987,25782,OrangeHrm API,200,OK,Thread Group 1-130,text,true,,39289,136,364,364,https://opensource-demo.orangehrmlive.com/,13350,0,9984
1629202047520,24275,OrangeHrm API,200,OK,Thread Group 1-419,text,true,,39289,136,363,363,https://opensource-demo.orangehrmlive.com/,21572,0,11758
1629202045778,26065,OrangeHrm API,200,OK,Thread Group 1-6,text,true,,39289,136,362,362,https://opensource-demo.orangehrmlive.com/,19154,0,9795
1629202047603,24332,OrangeHrm API,200,OK,Thread Group 1-492,text,true,,39289,136,361,361,https://opensource-demo.orangehrmlive.com/,20541,0,14701
1629202045627,26330,OrangeHrm API,200,OK,Thread Group 1-68,text,true,,39289,136,360,360,https://opensource-demo.orangehrmlive.com/,19977,0,10245
1629202047634,24466,OrangeHrm API,200,OK,Thread Group 1-453,text,true,,39289,136,359,359,https://opensource-demo.orangehrmlive.com/,19910,0,11199
1629202046728,25466,OrangeHrm API,200,OK,Thread Group 1-256,text,true,,39289,136,358,358,https://opensource-demo.orangehrmlive.com/,22567,0,9223
1629202046960,25320,OrangeHrm API,200,OK,Thread Group 1-346,text,true,,39289,136,357,357,https://opensource-demo.orangehrmlive.com/,16478,0,9292
1629202045811,26527,OrangeHrm API,200,OK,Thread Group 1-65,text,true,,39289,136,356,356,https://opensource-demo.orangehrmlive.com/,18983,0,10043
1629202047605,24746,OrangeHrm API,200,OK,Thread Group 1-491,text,true,,39289,136,355,355,https://opensource-demo.orangehrmlive.com/,17696,0,13165
1629202045637,26724,OrangeHrm API,200,OK,Thread Group 1-72,text,true,,39289,136,354,354,https://opensource-demo.orangehrmlive.com/,23011,0,14255
1629202046761,25605,OrangeHrm API,200,OK,Thread Group 1-326,text,true,,39289,136,353,353,https://opensource-demo.orangehrmlive.com/,23768,0,9255
1629202047549,24857,OrangeHrm API,200,OK,Thread Group 1-458,text,true,,39289,136,352,352,https://opensource-demo.orangehrmlive.com/,14753,0,9191
1629202047085,25458,OrangeHrm API,200,OK,Thread Group 1-386,text,true,,39289,136,351,351,https://opensource-demo.orangehrmlive.com/,11882,0,7143
1629202046081,26497,OrangeHrm API,200,OK,Thread Group 1-170,text,true,,39289,136,350,350,https://opensource-demo.orangehrmlive.com/,18554,0,14855
1629202046394,26206,OrangeHrm API,200,OK,Thread Group 1-233,text,true,,39289,136,349,349,https://opensource-demo.orangehrmlive.com/,18590,0,9759
1629202047618,25012,OrangeHrm API,200,OK,Thread Group 1-435,text,true,,39289,136,348,348,https://opensource-demo.orangehrmlive.com/,16230,0,9550
1629202045731,26902,OrangeHrm API,200,OK,Thread Group 1-116,text,true,,39289,136,347,347,https://opensource-demo.orangehrmlive.com/,22357,0,9839
1629202046068,26616,OrangeHrm API,200,OK,Thread Group 1-162,text,true,,39289,136,346,346,https://opensource-demo.orangehrmlive.com/,13508,0,6849
1629202047599,25087,OrangeHrm API,200,OK,Thread Group 1-489,text,true,,39289,136,345,345,https://opensource-demo.orangehrmlive.com/,22376,0,13076
1629202046407,26325,OrangeHrm API,200,OK,Thread Group 1-230,text,true,,39289,136,344,344,https://opensource-demo.orangehrmlive.com/,18640,0,9482
1629202046027,26743,OrangeHrm API,200,OK,Thread Group 1-145,text,true,,39289,136,343,343,https://opensource-demo.orangehrmlive.com/,18767,0,7653
1629202045810,26977,OrangeHrm API,200,OK,Thread Group 1-63,text,true,,39289,136,342,342,https://opensource-demo.orangehrmlive.com/,20973,0,13789
1629202046031,26797,OrangeHrm API,200,OK,Thread Group 1-135,text,true,,39289,136,341,341,https://opensource-demo.orangehrmlive.com/,15261,0,7173
1629202046836,26031,OrangeHrm API,200,OK,Thread Group 1-278,text,true,,39289,136,340,340,https://opensource-demo.orangehrmlive.com/,25104,0,13353
1629202047099,25774,OrangeHrm API,200,OK,Thread Group 1-389,text,true,,39289,136,339,339,https://opensource-demo.orangehrmlive.com/,9034,0,7079
1629202046382,26493,OrangeHrm API,200,OK,Thread Group 1-235,text,true,,39289,136,338,338,https://opensource-demo.orangehrmlive.com/,13060,0,9286
1629202047667,25210,OrangeHrm API,200,OK,Thread Group 1-499,text,true,,39289,136,337,337,https://opensource-demo.orangehrmlive.com/,13332,0,9553
1629202047247,25672,OrangeHrm API,200,OK,Thread Group 1-410,text,true,,39289,136,336,336,https://opensource-demo.orangehrmlive.com/,19578,0,13498
1629202045834,27135,OrangeHrm API,200,OK,Thread Group 1-99,text,true,,39289,136,335,335,https://opensource-demo.orangehrmlive.com/,16358,0,9848
1629202046448,26525,OrangeHrm API,200,OK,Thread Group 1-226,text,true,,39289,136,334,334,https://opensource-demo.orangehrmlive.com/,21881,0,14772
1629202045786,27211,OrangeHrm API,200,OK,Thread Group 1-25,text,true,,39289,136,333,333,https://opensource-demo.orangehrmlive.com/,15236,0,7118
1629202046212,26833,OrangeHrm API,200,OK,Thread Group 1-208,text,true,,39289,136,332,332,https://opensource-demo.orangehrmlive.com/,9707,0,7786
1629202046055,26996,OrangeHrm API,200,OK,Thread Group 1-155,text,true,,39289,136,331,331,https://opensource-demo.orangehrmlive.com/,26062,0,12143
1629202046243,26812,OrangeHrm API,200,OK,Thread Group 1-219,text,true,,39289,136,330,330,https://opensource-demo.orangehrmlive.com/,23145,0,13310
1629202045948,27213,OrangeHrm API,200,OK,Thread Group 1-126,text,true,,39289,136,329,329,https://opensource-demo.orangehrmlive.com/,20704,0,13656
1629202047523,25802,OrangeHrm API,200,OK,Thread Group 1-454,text,true,,39289,136,328,328,https://opensource-demo.orangehrmlive.com/,17154,0,9180
1629202047630,25696,OrangeHrm API,200,OK,Thread Group 1-447,text,true,,39289,136,327,327,https://opensource-demo.orangehrmlive.com/,22037,0,15423
1629202047571,25783,OrangeHrm API,200,OK,Thread Group 1-466,text,true,,39289,136,326,326,https://opensource-demo.orangehrmlive.com/,19692,0,13689
1629202046819,26536,OrangeHrm API,200,OK,Thread Group 1-358,text,true,,39289,136,325,325,https://opensource-demo.orangehrmlive.com/,21368,0,13582
1629202045782,27582,OrangeHrm API,200,OK,Thread Group 1-22,text,true,,39289,136,324,324,https://opensource-demo.orangehrmlive.com/,23930,0,8490
1629202047051,26392,OrangeHrm API,200,OK,Thread Group 1-373,text,true,,39289,136,323,323,https://opensource-demo.orangehrmlive.com/,23655,0,12730
1629202047107,26421,OrangeHrm API,200,OK,Thread Group 1-391,text,true,,39289,136,322,322,https://opensource-demo.orangehrmlive.com/,6418,0,4995
1629202046973,26604,OrangeHrm API,200,OK,Thread Group 1-353,text,true,,39289,136,321,321,https://opensource-demo.orangehrmlive.com/,21757,0,16669
1629202045651,27944,OrangeHrm API,200,OK,Thread Group 1-75,text,true,,39289,136,320,320,https://opensource-demo.orangehrmlive.com/,23421,0,6672
1629202045801,27826,OrangeHrm API,200,OK,Thread Group 1-60,text,true,,39289,136,319,319,https://opensource-demo.orangehrmlive.com/,20874,0,7462
1629202047634,26012,OrangeHrm API,200,OK,Thread Group 1-450,text,true,,39289,136,318,318,https://opensource-demo.orangehrmlive.com/,21482,0,16778
1629202045923,27733,OrangeHrm API,200,OK,Thread Group 1-103,text,true,,39289,136,317,317,https://opensource-demo.orangehrmlive.com/,16961,0,9750
1629202045912,27797,OrangeHrm API,200,OK,Thread Group 1-101,text,true,,39289,136,316,316,https://opensource-demo.orangehrmlive.com/,20916,0,10071
1629202047079,26712,OrangeHrm API,200,OK,Thread Group 1-383,text,true,,39289,136,315,315,https://opensource-demo.orangehrmlive.com/,19835,0,8616
1629202045793,28044,OrangeHrm API,200,OK,Thread Group 1-31,text,true,,39289,136,314,314,https://opensource-demo.orangehrmlive.com/,14652,0,7524
1629202045689,28182,OrangeHrm API,200,OK,Thread Group 1-84,text,true,,39289,136,313,313,https://opensource-demo.orangehrmlive.com/,14851,0,8724
1629202047075,26804,OrangeHrm API,200,OK,Thread Group 1-381,text,true,,39289,136,312,312,https://opensource-demo.orangehrmlive.com/,23060,0,8128
1629202046260,27684,OrangeHrm API,200,OK,Thread Group 1-205,text,true,,39289,136,311,311,https://opensource-demo.orangehrmlive.com/,17107,0,10309
1629202046135,27881,OrangeHrm API,200,OK,Thread Group 1-184,text,true,,39289,136,310,310,https://opensource-demo.orangehrmlive.com/,25967,0,7534
1629202046820,27210,OrangeHrm API,200,OK,Thread Group 1-357,text,true,,39289,136,309,309,https://opensource-demo.orangehrmlive.com/,20494,0,14053
1629202047614,26438,OrangeHrm API,200,OK,Thread Group 1-433,text,true,,39289,136,308,308,https://opensource-demo.orangehrmlive.com/,23705,0,9376
1629202047558,26516,OrangeHrm API,200,OK,Thread Group 1-457,text,true,,39289,136,307,307,https://opensource-demo.orangehrmlive.com/,24254,0,16342
1629202046923,27181,OrangeHrm API,200,OK,Thread Group 1-336,text,true,,39289,136,306,306,https://opensource-demo.orangehrmlive.com/,15786,0,9408
1629202047582,26589,OrangeHrm API,200,OK,Thread Group 1-471,text,true,,39289,136,305,305,https://opensource-demo.orangehrmlive.com/,15475,0,9324
1629202046426,27745,OrangeHrm API,200,OK,Thread Group 1-228,text,true,,39289,136,305,305,https://opensource-demo.orangehrmlive.com/,21610,0,13368
1629202046046,28159,OrangeHrm API,200,OK,Thread Group 1-150,text,true,,39289,136,303,303,https://opensource-demo.orangehrmlive.com/,17926,0,7266
1629202047261,26965,OrangeHrm API,200,OK,Thread Group 1-405,text,true,,39289,136,302,302,https://opensource-demo.orangehrmlive.com/,16297,0,9436
1629202047573,26672,OrangeHrm API,200,OK,Thread Group 1-469,text,true,,39289,136,301,301,https://opensource-demo.orangehrmlive.com/,15109,0,9212
1629202046958,27307,OrangeHrm API,200,OK,Thread Group 1-328,text,true,,39289,136,300,300,https://opensource-demo.orangehrmlive.com/,24561,0,14145
1629202046125,28143,OrangeHrm API,200,OK,Thread Group 1-224,text,true,,39289,136,299,299,https://opensource-demo.orangehrmlive.com/,18940,0,6969
1629202046296,28001,OrangeHrm API,200,OK,Thread Group 1-197,text,true,,39289,136,298,298,https://opensource-demo.orangehrmlive.com/,16235,0,8080
1629202046948,27419,OrangeHrm API,200,OK,Thread Group 1-343,text,true,,39289,136,297,297,https://opensource-demo.orangehrmlive.com/,27418,0,17696
1629202046895,27510,OrangeHrm API,200,OK,Thread Group 1-294,text,true,,39289,136,296,296,https://opensource-demo.orangehrmlive.com/,23839,0,9669
1629202045614,28881,OrangeHrm API,200,OK,Thread Group 1-45,text,true,,39289,136,295,295,https://opensource-demo.orangehrmlive.com/,20938,0,8624
1629202045639,28880,OrangeHrm API,200,OK,Thread Group 1-73,text,true,,39289,136,294,294,https://opensource-demo.orangehrmlive.com/,20901,0,12617
1629202046062,28462,OrangeHrm API,200,OK,Thread Group 1-159,text,true,,39289,136,293,293,https://opensource-demo.orangehrmlive.com/,26647,0,8333
1629202046431,28126,OrangeHrm API,200,OK,Thread Group 1-261,text,true,,39289,136,292,292,https://opensource-demo.orangehrmlive.com/,19753,0,8535
1629202045668,28918,OrangeHrm API,200,OK,Thread Group 1-47,text,true,,39289,136,291,291,https://opensource-demo.orangehrmlive.com/,16080,0,7941
1629202045836,28783,OrangeHrm API,200,OK,Thread Group 1-120,text,true,,39289,136,290,290,https://opensource-demo.orangehrmlive.com/,17865,0,7700
1629202047588,27056,OrangeHrm API,200,OK,Thread Group 1-476,text,true,,39289,136,289,289,https://opensource-demo.orangehrmlive.com/,16221,0,9274
1629202046741,27952,OrangeHrm API,200,OK,Thread Group 1-257,text,true,,39289,136,288,288,https://opensource-demo.orangehrmlive.com/,20294,0,9332
1629202047074,27622,OrangeHrm API,200,OK,Thread Group 1-380,text,true,,39289,136,287,287,https://opensource-demo.orangehrmlive.com/,21176,0,10159
1629202047077,27676,OrangeHrm API,200,OK,Thread Group 1-382,text,true,,39289,136,286,286,https://opensource-demo.orangehrmlive.com/,24939,0,8279
1629202046141,28642,OrangeHrm API,200,OK,Thread Group 1-186,text,true,,39289,136,285,285,https://opensource-demo.orangehrmlive.com/,23043,0,7378
1629202047601,27200,OrangeHrm API,200,OK,Thread Group 1-488,text,true,,39289,136,284,284,https://opensource-demo.orangehrmlive.com/,24368,0,9417
1629202047638,27255,OrangeHrm API,200,OK,Thread Group 1-422,text,true,,39289,136,283,283,https://opensource-demo.orangehrmlive.com/,24425,0,16846
1629202046979,27916,OrangeHrm API,200,OK,Thread Group 1-333,text,true,,39289,136,282,282,https://opensource-demo.orangehrmlive.com/,17581,0,9277
1629202045786,29129,OrangeHrm API,200,OK,Thread Group 1-2,text,true,,39289,136,281,281,https://opensource-demo.orangehrmlive.com/,18974,0,8256
1629202046002,28974,OrangeHrm API,200,OK,Thread Group 1-131,text,true,,39289,136,280,280,https://opensource-demo.orangehrmlive.com/,25217,0,15217
1629202045629,29364,OrangeHrm API,200,OK,Thread Group 1-69,text,true,,39289,136,279,279,https://opensource-demo.orangehrmlive.com/,26620,0,9211
1629202047597,27400,OrangeHrm API,200,OK,Thread Group 1-485,text,true,,39289,136,278,278,https://opensource-demo.orangehrmlive.com/,22448,0,13250
1629202046930,28080,OrangeHrm API,200,OK,Thread Group 1-325,text,true,,39289,136,277,277,https://opensource-demo.orangehrmlive.com/,20754,0,9507
1629202047605,27470,OrangeHrm API,200,OK,Thread Group 1-493,text,true,,39289,136,276,276,https://opensource-demo.orangehrmlive.com/,20412,0,13273
1629202047602,27478,OrangeHrm API,200,OK,Thread Group 1-490,text,true,,39289,136,275,275,https://opensource-demo.orangehrmlive.com/,25589,0,9400
1629202047627,27463,OrangeHrm API,200,OK,Thread Group 1-446,text,true,,39289,136,274,274,https://opensource-demo.orangehrmlive.com/,19074,0,11197
1629202045762,29353,OrangeHrm API,200,OK,Thread Group 1-113,text,true,,39289,136,273,273,https://opensource-demo.orangehrmlive.com/,11417,0,6750
1629202046012,29116,OrangeHrm API,200,OK,Thread Group 1-132,text,true,,39289,136,272,272,https://opensource-demo.orangehrmlive.com/,24423,0,8210
1629202047234,27936,OrangeHrm API,200,OK,Thread Group 1-413,text,true,,39289,136,271,271,https://opensource-demo.orangehrmlive.com/,23771,0,16833
1629202045757,29436,OrangeHrm API,200,OK,Thread Group 1-119,text,true,,39289,136,270,270,https://opensource-demo.orangehrmlive.com/,23005,0,15645
1629202046101,29133,OrangeHrm API,200,OK,Thread Group 1-177,text,true,,39289,136,269,269,https://opensource-demo.orangehrmlive.com/,10406,0,6521
1629202046390,28853,OrangeHrm API,200,OK,Thread Group 1-234,text,true,,39289,136,268,268,https://opensource-demo.orangehrmlive.com/,25193,0,15011
1629202046247,29007,OrangeHrm API,200,OK,Thread Group 1-221,text,true,,39289,136,267,267,https://opensource-demo.orangehrmlive.com/,22065,0,13321
1629202045780,29519,OrangeHrm API,200,OK,Thread Group 1-1,text,true,,39289,136,266,266,https://opensource-demo.orangehrmlive.com/,18060,0,8232
1629202047222,28218,OrangeHrm API,200,OK,Thread Group 1-416,text,true,,39289,136,265,265,https://opensource-demo.orangehrmlive.com/,20333,0,11055
1629202045615,29856,OrangeHrm API,200,OK,Thread Group 1-44,text,true,,39289,136,264,264,https://opensource-demo.orangehrmlive.com/,12807,0,7407
1629202047060,28413,OrangeHrm API,200,OK,Thread Group 1-376,text,true,,39289,136,263,263,https://opensource-demo.orangehrmlive.com/,24761,0,15898
1629202046596,28966,OrangeHrm API,200,OK,Thread Group 1-260,text,true,,39289,136,262,262,https://opensource-demo.orangehrmlive.com/,25200,0,8848
1629202046436,29128,OrangeHrm API,200,OK,Thread Group 1-227,text,true,,39289,136,261,261,https://opensource-demo.orangehrmlive.com/,16618,0,8798
1629202047670,28150,OrangeHrm API,200,OK,Thread Group 1-500,text,true,,39289,136,260,260,https://opensource-demo.orangehrmlive.com/,23296,0,9516
1629202047055,28779,OrangeHrm API,200,OK,Thread Group 1-374,text,true,,39289,136,259,259,https://opensource-demo.orangehrmlive.com/,22295,0,8907
1629202045775,30063,OrangeHrm API,200,OK,Thread Group 1-3,text,true,,39289,136,258,258,https://opensource-demo.orangehrmlive.com/,27197,0,8218
1629202047108,28743,OrangeHrm API,200,OK,Thread Group 1-392,text,true,,39289,136,257,257,https://opensource-demo.orangehrmlive.com/,23595,0,6994
1629202046822,29030,OrangeHrm API,200,OK,Thread Group 1-361,text,true,,39289,136,256,256,https://opensource-demo.orangehrmlive.com/,25277,0,12923
1629202045779,30075,OrangeHrm API,200,OK,Thread Group 1-7,text,true,,39289,136,255,255,https://opensource-demo.orangehrmlive.com/,22830,0,15019
1629202046712,29145,OrangeHrm API,200,OK,Thread Group 1-304,text,true,,39289,136,254,254,https://opensource-demo.orangehrmlive.com/,24536,0,13122
1629202045785,30071,OrangeHrm API,200,OK,Thread Group 1-20,text,true,,39289,136,254,254,https://opensource-demo.orangehrmlive.com/,24666,0,9953
1629202047005,28857,OrangeHrm API,200,OK,Thread Group 1-369,text,true,,39289,136,252,252,https://opensource-demo.orangehrmlive.com/,22692,0,16446
1629202046058,29825,OrangeHrm API,200,OK,Thread Group 1-157,text,true,,39289,136,251,251,https://opensource-demo.orangehrmlive.com/,27172,0,18037
1629202047584,28333,OrangeHrm API,200,OK,Thread Group 1-472,text,true,,39289,136,250,250,https://opensource-demo.orangehrmlive.com/,16523,0,9330
1629202045926,30125,OrangeHrm API,200,OK,Thread Group 1-124,text,true,,39289,136,249,249,https://opensource-demo.orangehrmlive.com/,28326,0,9766
1629202046698,29441,OrangeHrm API,200,OK,Thread Group 1-253,text,true,,39289,136,248,248,https://opensource-demo.orangehrmlive.com/,27653,0,9194
1629202047286,28890,OrangeHrm API,200,OK,Thread Group 1-399,text,true,,39289,136,247,247,https://opensource-demo.orangehrmlive.com/,18875,0,9407
1629202046262,29950,OrangeHrm API,200,OK,Thread Group 1-207,text,true,,39289,136,246,246,https://opensource-demo.orangehrmlive.com/,21737,0,14213
1629202047619,28601,OrangeHrm API,200,OK,Thread Group 1-432,text,true,,39289,136,245,245,https://opensource-demo.orangehrmlive.com/,21579,0,12148
1629202046821,29433,OrangeHrm API,200,OK,Thread Group 1-356,text,true,,39289,136,244,244,https://opensource-demo.orangehrmlive.com/,24789,0,11737
1629202047600,28663,OrangeHrm API,200,OK,Thread Group 1-486,text,true,,39289,136,243,243,https://opensource-demo.orangehrmlive.com/,26789,0,23228
1629202045724,30558,OrangeHrm API,200,OK,Thread Group 1-94,text,true,,39289,136,242,242,https://opensource-demo.orangehrmlive.com/,13986,0,6773
1629202047072,29239,OrangeHrm API,200,OK,Thread Group 1-379,text,true,,39289,136,241,241,https://opensource-demo.orangehrmlive.com/,26535,0,8698
1629202046261,30102,OrangeHrm API,200,OK,Thread Group 1-206,text,true,,39289,136,240,240,https://opensource-demo.orangehrmlive.com/,21805,0,9138
1629202047589,29019,OrangeHrm API,200,OK,Thread Group 1-478,text,true,,39289,136,239,239,https://opensource-demo.orangehrmlive.com/,29018,0,9191
1629202045837,30831,OrangeHrm API,200,OK,Thread Group 1-100,text,true,,39289,136,238,238,https://opensource-demo.orangehrmlive.com/,27273,0,18092
1629202047610,29080,OrangeHrm API,200,OK,Thread Group 1-430,text,true,,39289,136,237,237,https://opensource-demo.orangehrmlive.com/,22045,0,17395
1629202045624,31080,OrangeHrm API,200,OK,Thread Group 1-67,text,true,,39289,136,236,236,https://opensource-demo.orangehrmlive.com/,28360,0,7897
1629202046923,29798,OrangeHrm API,200,OK,Thread Group 1-337,text,true,,39289,136,235,235,https://opensource-demo.orangehrmlive.com/,27100,0,9524
1629202045921,30817,OrangeHrm API,200,OK,Thread Group 1-122,text,true,,39289,136,234,234,https://opensource-demo.orangehrmlive.com/,27248,0,9516
1629202046956,29806,OrangeHrm API,200,OK,Thread Group 1-327,text,true,,39289,136,233,233,https://opensource-demo.orangehrmlive.com/,15864,0,12133
1629202046265,30527,OrangeHrm API,200,OK,Thread Group 1-193,text,true,,39289,136,232,232,https://opensource-demo.orangehrmlive.com/,24482,0,19319
1629202046962,29871,OrangeHrm API,200,OK,Thread Group 1-329,text,true,,39289,136,231,231,https://opensource-demo.orangehrmlive.com/,27245,0,16658
1629202046004,30846,OrangeHrm API,200,OK,Thread Group 1-109,text,true,,39289,136,230,230,https://opensource-demo.orangehrmlive.com/,17519,0,8069
1629202045778,31107,OrangeHrm API,200,OK,Thread Group 1-23,text,true,,39289,136,229,229,https://opensource-demo.orangehrmlive.com/,24721,0,13849
1629202046608,30298,OrangeHrm API,200,OK,Thread Group 1-245,text,true,,39289,136,228,228,https://opensource-demo.orangehrmlive.com/,19616,0,7978
1629202046198,30731,OrangeHrm API,200,OK,Thread Group 1-192,text,true,,39289,136,227,227,https://opensource-demo.orangehrmlive.com/,27129,0,13614
1629202045771,31180,OrangeHrm API,200,OK,Thread Group 1-26,text,true,,39289,136,226,226,https://opensource-demo.orangehrmlive.com/,19767,0,8016
1629202046730,30222,OrangeHrm API,200,OK,Thread Group 1-310,text,true,,39289,136,226,226,https://opensource-demo.orangehrmlive.com/,24248,0,9237
1629202046404,30552,OrangeHrm API,200,OK,Thread Group 1-231,text,true,,39289,136,224,224,https://opensource-demo.orangehrmlive.com/,27948,0,13094
1629202045811,31543,OrangeHrm API,200,OK,Thread Group 1-49,text,true,,39289,136,223,223,https://opensource-demo.orangehrmlive.com/,22828,0,9750
1629202046822,30579,OrangeHrm API,200,OK,Thread Group 1-355,text,true,,39289,136,222,222,https://opensource-demo.orangehrmlive.com/,23017,0,13402
1629202047096,30342,OrangeHrm API,200,OK,Thread Group 1-388,text,true,,39289,136,221,221,https://opensource-demo.orangehrmlive.com/,24299,0,12478
1629202046970,30481,OrangeHrm API,200,OK,Thread Group 1-350,text,true,,39289,136,220,220,https://opensource-demo.orangehrmlive.com/,28135,0,24347
1629202047068,30439,OrangeHrm API,200,OK,Thread Group 1-378,text,true,,39289,136,219,219,https://opensource-demo.orangehrmlive.com/,19183,0,8182
1629202046044,31485,OrangeHrm API,200,OK,Thread Group 1-149,text,true,,39289,136,218,218,https://opensource-demo.orangehrmlive.com/,13581,0,7513
1629202046756,30787,OrangeHrm API,200,OK,Thread Group 1-319,text,true,,39289,136,217,217,https://opensource-demo.orangehrmlive.com/,29096,0,16654
1629202045701,31883,OrangeHrm API,200,OK,Thread Group 1-89,text,true,,39289,136,216,216,https://opensource-demo.orangehrmlive.com/,29299,0,10023
1629202046904,30683,OrangeHrm API,200,OK,Thread Group 1-299,text,true,,39289,136,215,215,https://opensource-demo.orangehrmlive.com/,25338,0,16446
1629202047252,30336,OrangeHrm API,200,OK,Thread Group 1-409,text,true,,39289,136,214,214,https://opensource-demo.orangehrmlive.com/,21325,0,13466
1629202046053,31555,OrangeHrm API,200,OK,Thread Group 1-153,text,true,,39289,136,213,213,https://opensource-demo.orangehrmlive.com/,24709,0,8333
1629202045764,31863,OrangeHrm API,200,OK,Thread Group 1-39,text,true,,39289,136,212,212,https://opensource-demo.orangehrmlive.com/,26542,0,17083
1629202046051,31628,OrangeHrm API,200,OK,Thread Group 1-152,text,true,,39289,136,211,211,https://opensource-demo.orangehrmlive.com/,16322,0,7164
1629202047007,30718,OrangeHrm API,200,OK,Thread Group 1-368,text,true,,39289,136,210,210,https://opensource-demo.orangehrmlive.com/,22805,0,13040
1629202046732,31023,OrangeHrm API,200,OK,Thread Group 1-223,text,true,,39289,136,209,209,https://opensource-demo.orangehrmlive.com/,26593,0,13830
1629202047614,30188,OrangeHrm API,200,OK,Thread Group 1-431,text,true,,39289,136,208,208,https://opensource-demo.orangehrmlive.com/,26913,0,24131
1629202046223,31650,OrangeHrm API,200,OK,Thread Group 1-212,text,true,,39289,136,207,207,https://opensource-demo.orangehrmlive.com/,27292,0,8543
1629202045784,32100,OrangeHrm API,200,OK,Thread Group 1-11,text,true,,39289,136,206,206,https://opensource-demo.orangehrmlive.com/,26859,0,22326
1629202045646,32241,OrangeHrm API,200,OK,Thread Group 1-76,text,true,,39289,136,205,205,https://opensource-demo.orangehrmlive.com/,26815,0,17049
1629202046147,31888,OrangeHrm API,200,OK,Thread Group 1-188,text,true,,39289,136,204,204,https://opensource-demo.orangehrmlive.com/,27281,0,7382
1629202046966,31070,OrangeHrm API,200,OK,Thread Group 1-330,text,true,,39289,136,203,203,https://opensource-demo.orangehrmlive.com/,29128,0,23406
1629202047623,30448,OrangeHrm API,200,OK,Thread Group 1-439,text,true,,39289,136,202,202,https://opensource-demo.orangehrmlive.com/,21898,0,15467
1629202046379,31695,OrangeHrm API,200,OK,Thread Group 1-273,text,true,,39289,136,201,201,https://opensource-demo.orangehrmlive.com/,27977,0,16465
1629202046954,31150,OrangeHrm API,200,OK,Thread Group 1-352,text,true,,39289,136,200,200,https://opensource-demo.orangehrmlive.com/,23368,0,14157
1629202045614,32492,OrangeHrm API,200,OK,Thread Group 1-66,text,true,,39289,136,199,199,https://opensource-demo.orangehrmlive.com/,27954,0,10251
1629202046044,32062,OrangeHrm API,200,OK,Thread Group 1-138,text,true,,39289,136,199,199,https://opensource-demo.orangehrmlive.com/,28851,0,7280
1629202047029,31112,OrangeHrm API,200,OK,Thread Group 1-371,text,true,,39289,136,197,197,https://opensource-demo.orangehrmlive.com/,24859,0,16354
1629202047057,31086,OrangeHrm API,200,OK,Thread Group 1-375,text,true,,39289,136,196,196,https://opensource-demo.orangehrmlive.com/,20616,0,8788
1629202045796,32376,OrangeHrm API,200,OK,Thread Group 1-51,text,true,,39289,136,195,195,https://opensource-demo.orangehrmlive.com/,28727,0,17873
1629202047087,31110,OrangeHrm API,200,OK,Thread Group 1-385,text,true,,39289,136,194,194,https://opensource-demo.orangehrmlive.com/,21468,0,12677
1629202047232,30996,OrangeHrm API,200,OK,Thread Group 1-414,text,true,,39289,136,193,193,https://opensource-demo.orangehrmlive.com/,28604,0,24631
1629202046375,31859,OrangeHrm API,200,OK,Thread Group 1-272,text,true,,39289,136,192,192,https://opensource-demo.orangehrmlive.com/,22518,0,18568
1629202046967,31268,OrangeHrm API,200,OK,Thread Group 1-349,text,true,,39289,136,191,191,https://opensource-demo.orangehrmlive.com/,23759,0,16661
1629202045929,32327,OrangeHrm API,200,OK,Thread Group 1-125,text,true,,39289,136,190,190,https://opensource-demo.orangehrmlive.com/,28901,0,13596
1629202047289,30985,OrangeHrm API,200,OK,Thread Group 1-397,text,true,,39289,136,189,189,https://opensource-demo.orangehrmlive.com/,17919,0,13288
1629202047489,30806,OrangeHrm API,200,OK,Thread Group 1-418,text,true,,39289,136,188,188,https://opensource-demo.orangehrmlive.com/,23523,0,13019
1629202046220,32075,OrangeHrm API,200,OK,Thread Group 1-211,text,true,,39289,136,188,188,https://opensource-demo.orangehrmlive.com/,27922,0,7783
1629202046252,32061,OrangeHrm API,200,OK,Thread Group 1-201,text,true,,39289,136,186,186,https://opensource-demo.orangehrmlive.com/,30383,0,9011
1629202046401,31940,OrangeHrm API,200,OK,Thread Group 1-265,text,true,,39289,136,185,185,https://opensource-demo.orangehrmlive.com/,19239,0,8172
1629202047597,30786,OrangeHrm API,200,OK,Thread Group 1-483,text,true,,39289,136,184,184,https://opensource-demo.orangehrmlive.com/,26454,0,13287
1629202045674,32742,OrangeHrm API,200,OK,Thread Group 1-81,text,true,,39289,136,183,183,https://opensource-demo.orangehrmlive.com/,27365,0,9886
1629202045779,32754,OrangeHrm API,200,OK,Thread Group 1-13,text,true,,39289,136,182,182,https://opensource-demo.orangehrmlive.com/,10088,0,7237
1629202045677,32873,OrangeHrm API,200,OK,Thread Group 1-114,text,true,,39289,136,181,181,https://opensource-demo.orangehrmlive.com/,29446,0,8001
1629202047636,31017,OrangeHrm API,200,OK,Thread Group 1-495,text,true,,39289,136,180,180,https://opensource-demo.orangehrmlive.com/,28321,0,13473
1629202047640,31065,OrangeHrm API,200,OK,Thread Group 1-420,text,true,,39289,136,179,179,https://opensource-demo.orangehrmlive.com/,21248,0,13438
1629202045691,33024,OrangeHrm API,200,OK,Thread Group 1-85,text,true,,39289,136,178,178,https://opensource-demo.orangehrmlive.com/,22314,0,9974
1629202046028,32698,OrangeHrm API,200,OK,Thread Group 1-134,text,true,,39289,136,177,177,https://opensource-demo.orangehrmlive.com/,29180,0,7689
1629202047610,31128,OrangeHrm API,200,OK,Thread Group 1-427,text,true,,39289,136,176,176,https://opensource-demo.orangehrmlive.com/,27547,0,16660
1629202047542,31216,OrangeHrm API,200,OK,Thread Group 1-451,text,true,,39289,136,175,175,https://opensource-demo.orangehrmlive.com/,29119,0,25160
1629202047636,31159,OrangeHrm API,200,OK,Thread Group 1-452,text,true,,39289,136,174,174,https://opensource-demo.orangehrmlive.com/,27580,0,16520
1629202045811,32984,OrangeHrm API,200,OK,Thread Group 1-64,text,true,,39289,136,174,174,https://opensource-demo.orangehrmlive.com/,13164,0,8253
1629202046255,32562,OrangeHrm API,200,OK,Thread Group 1-204,text,true,,39289,136,172,172,https://opensource-demo.orangehrmlive.com/,19704,0,9423
1629202047555,31263,OrangeHrm API,200,OK,Thread Group 1-459,text,true,,39289,136,171,171,https://opensource-demo.orangehrmlive.com/,19622,0,10851
1629202045628,33193,OrangeHrm API,200,OK,Thread Group 1-70,text,true,,39289,136,170,170,https://opensource-demo.orangehrmlive.com/,12990,0,8046
1629202047632,31204,OrangeHrm API,200,OK,Thread Group 1-449,text,true,,39289,136,169,169,https://opensource-demo.orangehrmlive.com/,24377,0,16780
1629202046291,32629,OrangeHrm API,200,OK,Thread Group 1-195,text,true,,39289,136,168,168,https://opensource-demo.orangehrmlive.com/,27358,0,8114
1629202046268,32674,OrangeHrm API,200,OK,Thread Group 1-194,text,true,,39289,136,167,167,https://opensource-demo.orangehrmlive.com/,31906,0,23023
1629202047623,31344,OrangeHrm API,200,OK,Thread Group 1-496,text,true,,39289,136,166,166,https://opensource-demo.orangehrmlive.com/,24080,0,15430
1629202046958,32016,OrangeHrm API,200,OK,Thread Group 1-345,text,true,,39289,136,165,165,https://opensource-demo.orangehrmlive.com/,29495,0,25223
1629202047000,31997,OrangeHrm API,200,OK,Thread Group 1-365,text,true,,39289,136,164,164,https://opensource-demo.orangehrmlive.com/,29440,0,9242
1629202046396,32604,OrangeHrm API,200,OK,Thread Group 1-266,text,true,,39289,136,163,163,https://opensource-demo.orangehrmlive.com/,29209,0,9503
1629202046386,32616,OrangeHrm API,200,OK,Thread Group 1-268,text,true,,39289,136,162,162,https://opensource-demo.orangehrmlive.com/,27358,0,9170
1629202047607,31437,OrangeHrm API,200,OK,Thread Group 1-425,text,true,,39289,136,161,161,https://opensource-demo.orangehrmlive.com/,30669,0,23351
1629202047010,32039,OrangeHrm API,200,OK,Thread Group 1-370,text,true,,39289,136,160,160,https://opensource-demo.orangehrmlive.com/,28829,0,12663
1629202046737,32392,OrangeHrm API,200,OK,Thread Group 1-255,text,true,,39289,136,159,159,https://opensource-demo.orangehrmlive.com/,29173,0,9231
1629202047259,31908,OrangeHrm API,200,OK,Thread Group 1-406,text,true,,39289,136,158,158,https://opensource-demo.orangehrmlive.com/,28643,0,18756
1629202046818,32386,OrangeHrm API,200,OK,Thread Group 1-359,text,true,,39289,136,157,157,https://opensource-demo.orangehrmlive.com/,30809,0,24222
1629202047628,31624,OrangeHrm API,200,OK,Thread Group 1-443,text,true,,39289,136,156,156,https://opensource-demo.orangehrmlive.com/,28315,0,13472
1629202046721,32573,OrangeHrm API,200,OK,Thread Group 1-308,text,true,,39289,136,155,155,https://opensource-demo.orangehrmlive.com/,30164,0,11538
1629202046872,32518,OrangeHrm API,200,OK,Thread Group 1-290,text,true,,39289,136,154,154,https://opensource-demo.orangehrmlive.com/,18856,0,9605
1629202047601,31836,OrangeHrm API,200,OK,Thread Group 1-487,text,true,,39289,136,153,153,https://opensource-demo.orangehrmlive.com/,29381,0,25105
1629202047587,31976,OrangeHrm API,200,OK,Thread Group 1-475,text,true,,39289,136,152,152,https://opensource-demo.orangehrmlive.com/,30516,0,23055
1629202046017,33549,OrangeHrm API,200,OK,Thread Group 1-144,text,true,,39289,136,151,151,https://opensource-demo.orangehrmlive.com/,26159,0,22306
1629202047592,31997,OrangeHrm API,200,OK,Thread Group 1-465,text,true,,39289,136,150,150,https://opensource-demo.orangehrmlive.com/,30475,0,23359
1629202046703,33031,OrangeHrm API,200,OK,Thread Group 1-306,text,true,,39289,136,149,149,https://opensource-demo.orangehrmlive.com/,30599,0,23193
1629202046065,33672,OrangeHrm API,200,OK,Thread Group 1-161,text,true,,39289,136,148,148,https://opensource-demo.orangehrmlive.com/,27494,0,10763
1629202046762,32976,OrangeHrm API,200,OK,Thread Group 1-338,text,true,,39289,136,147,147,https://opensource-demo.orangehrmlive.com/,20271,0,9342
1629202046773,32972,OrangeHrm API,200,OK,Thread Group 1-335,text,true,,39289,136,146,146,https://opensource-demo.orangehrmlive.com/,22447,0,9314
1629202046751,33020,OrangeHrm API,200,OK,Thread Group 1-315,text,true,,39289,136,145,145,https://opensource-demo.orangehrmlive.com/,29612,0,9359
1629202045656,34120,OrangeHrm API,200,OK,Thread Group 1-77,text,true,,39289,136,144,144,https://opensource-demo.orangehrmlive.com/,28016,0,22729
1629202045781,34009,OrangeHrm API,200,OK,Thread Group 1-21,text,true,,39289,136,143,143,https://opensource-demo.orangehrmlive.com/,30675,0,17389
1629202045804,34107,OrangeHrm API,200,OK,Thread Group 1-61,text,true,,39289,136,142,142,https://opensource-demo.orangehrmlive.com/,22111,0,7389
1629202046618,33332,OrangeHrm API,200,OK,Thread Group 1-250,text,true,,39289,136,141,141,https://opensource-demo.orangehrmlive.com/,20055,0,8166
1629202046257,33704,OrangeHrm API,200,OK,Thread Group 1-202,text,true,,39289,136,140,140,https://opensource-demo.orangehrmlive.com/,29629,0,8152
1629202046918,33103,OrangeHrm API,200,OK,Thread Group 1-323,text,true,,39289,136,139,139,https://opensource-demo.orangehrmlive.com/,30665,0,9516
1629202046396,33731,OrangeHrm API,200,OK,Thread Group 1-232,text,true,,39289,136,138,138,https://opensource-demo.orangehrmlive.com/,19765,0,9481
1629202045640,34560,OrangeHrm API,200,OK,Thread Group 1-74,text,true,,39289,136,137,137,https://opensource-demo.orangehrmlive.com/,25434,0,10049
1629202047625,32691,OrangeHrm API,200,OK,Thread Group 1-442,text,true,,39289,136,136,136,https://opensource-demo.orangehrmlive.com/,23653,0,12133
1629202046919,33444,OrangeHrm API,200,OK,Thread Group 1-334,text,true,,39289,136,135,135,https://opensource-demo.orangehrmlive.com/,33442,0,13439
1629202047257,33116,OrangeHrm API,200,OK,Thread Group 1-407,text,true,,39289,136,134,134,https://opensource-demo.orangehrmlive.com/,30643,0,13423
1629202046951,33616,OrangeHrm API,200,OK,Thread Group 1-344,text,true,,39289,136,133,133,https://opensource-demo.orangehrmlive.com/,29343,0,24343
1629202047265,33310,OrangeHrm API,200,OK,Thread Group 1-404,text,true,,39289,136,132,132,https://opensource-demo.orangehrmlive.com/,15926,0,9345
1629202046900,33739,OrangeHrm API,200,OK,Thread Group 1-297,text,true,,39289,136,131,131,https://opensource-demo.orangehrmlive.com/,26203,0,16716
1629202046824,33861,OrangeHrm API,200,OK,Thread Group 1-360,text,true,,39289,136,130,130,https://opensource-demo.orangehrmlive.com/,29664,0,9496
1629202046062,34649,OrangeHrm API,200,OK,Thread Group 1-158,text,true,,39289,136,129,129,https://opensource-demo.orangehrmlive.com/,24308,0,12555
1629202046244,34467,OrangeHrm API,200,OK,Thread Group 1-220,text,true,,39289,136,129,129,https://opensource-demo.orangehrmlive.com/,23319,0,18544
1629202046374,34370,OrangeHrm API,200,OK,Thread Group 1-237,text,true,,39289,136,127,127,https://opensource-demo.orangehrmlive.com/,31021,0,24371
1629202046752,33994,OrangeHrm API,200,OK,Thread Group 1-303,text,true,,39289,136,126,126,https://opensource-demo.orangehrmlive.com/,32291,0,9309
1629202046613,34162,OrangeHrm API,200,OK,Thread Group 1-242,text,true,,39289,136,125,125,https://opensource-demo.orangehrmlive.com/,31175,0,8105
1629202045811,34966,OrangeHrm API,200,OK,Thread Group 1-37,text,true,,39289,136,124,124,https://opensource-demo.orangehrmlive.com/,30818,0,11442
1629202047569,33230,OrangeHrm API,200,OK,Thread Group 1-463,text,true,,39289,136,123,123,https://opensource-demo.orangehrmlive.com/,29062,0,23044
1629202047612,33291,OrangeHrm API,200,OK,Thread Group 1-494,text,true,,39289,136,122,122,https://opensource-demo.orangehrmlive.com/,29967,0,12152
1629202046827,34095,OrangeHrm API,200,OK,Thread Group 1-277,text,true,,39289,136,121,121,https://opensource-demo.orangehrmlive.com/,30829,0,9463
1629202045812,35122,OrangeHrm API,200,OK,Thread Group 1-50,text,true,,39289,136,120,120,https://opensource-demo.orangehrmlive.com/,26901,0,8032
1629202046203,34840,OrangeHrm API,200,OK,Thread Group 1-189,text,true,,39289,136,119,119,https://opensource-demo.orangehrmlive.com/,32156,0,8503
1629202046736,34399,OrangeHrm API,200,OK,Thread Group 1-311,text,true,,39289,136,118,118,https://opensource-demo.orangehrmlive.com/,32560,0,9743
1629202045788,35378,OrangeHrm API,200,OK,Thread Group 1-29,text,true,,39289,136,117,117,https://opensource-demo.orangehrmlive.com/,32927,0,8560
1629202046880,34294,OrangeHrm API,200,OK,Thread Group 1-285,text,true,,39289,136,116,116,https://opensource-demo.orangehrmlive.com/,17304,0,9611
1629202046724,34471,OrangeHrm API,200,OK,Thread Group 1-309,text,true,,39289,136,115,115,https://opensource-demo.orangehrmlive.com/,25124,0,10735
1629202045779,35415,OrangeHrm API,200,OK,Thread Group 1-8,text,true,,39289,136,115,115,https://opensource-demo.orangehrmlive.com/,34330,0,23876
1629202046053,35172,OrangeHrm API,200,OK,Thread Group 1-141,text,true,,39289,136,113,113,https://opensource-demo.orangehrmlive.com/,32767,0,10192
1629202047629,33611,OrangeHrm API,200,OK,Thread Group 1-497,text,true,,39289,136,112,112,https://opensource-demo.orangehrmlive.com/,25814,0,13192
1629202047613,33645,OrangeHrm API,200,OK,Thread Group 1-434,text,true,,39289,136,111,111,https://opensource-demo.orangehrmlive.com/,31276,0,13237
1629202046008,35254,OrangeHrm API,200,OK,Thread Group 1-143,text,true,,39289,136,110,110,https://opensource-demo.orangehrmlive.com/,14668,0,8292
1629202047594,33846,OrangeHrm API,200,OK,Thread Group 1-481,text,true,,39289,136,109,109,https://opensource-demo.orangehrmlive.com/,28244,0,13192
1629202046860,34588,OrangeHrm API,200,OK,Thread Group 1-283,text,true,,39289,136,108,108,https://opensource-demo.orangehrmlive.com/,34142,0,16990
1629202046293,35164,OrangeHrm API,200,OK,Thread Group 1-196,text,true,,39289,136,107,107,https://opensource-demo.orangehrmlive.com/,15440,0,12669
1629202046407,35052,OrangeHrm API,200,OK,Thread Group 1-263,text,true,,39289,136,106,106,https://opensource-demo.orangehrmlive.com/,32066,0,22484
1629202045798,35662,OrangeHrm API,200,OK,Thread Group 1-53,text,true,,39289,136,105,105,https://opensource-demo.orangehrmlive.com/,30520,0,10205
1629202045800,35673,OrangeHrm API,200,OK,Thread Group 1-56,text,true,,39289,136,104,104,https://opensource-demo.orangehrmlive.com/,33367,0,14701
1629202045696,35781,OrangeHrm API,200,OK,Thread Group 1-88,text,true,,39289,136,103,103,https://opensource-demo.orangehrmlive.com/,28778,0,13870
1629202046386,35113,OrangeHrm API,200,OK,Thread Group 1-270,text,true,,39289,136,102,102,https://opensource-demo.orangehrmlive.com/,27912,0,22969
1629202046078,35563,OrangeHrm API,200,OK,Thread Group 1-168,text,true,,39289,136,101,101,https://opensource-demo.orangehrmlive.com/,33421,0,13678
1629202047595,34050,OrangeHrm API,200,OK,Thread Group 1-484,text,true,,39289,136,100,100,https://opensource-demo.orangehrmlive.com/,11417,0,9436
1629202046838,34885,OrangeHrm API,200,OK,Thread Group 1-279,text,true,,39289,136,99,99,https://opensource-demo.orangehrmlive.com/,32019,0,23480
1629202045764,36006,OrangeHrm API,200,OK,Thread Group 1-38,text,true,,39289,136,98,98,https://opensource-demo.orangehrmlive.com/,32271,0,8791
1629202047622,34361,OrangeHrm API,200,OK,Thread Group 1-440,text,true,,39289,136,97,97,https://opensource-demo.orangehrmlive.com/,32116,0,16873
1629202047621,34575,OrangeHrm API,200,OK,Thread Group 1-441,text,true,,39289,136,96,96,https://opensource-demo.orangehrmlive.com/,26731,0,13486
1629202047561,34636,OrangeHrm API,200,OK,Thread Group 1-461,text,true,,39289,136,95,95,https://opensource-demo.orangehrmlive.com/,30209,0,16355
1629202046894,35306,OrangeHrm API,200,OK,Thread Group 1-293,text,true,,39289,136,94,94,https://opensource-demo.orangehrmlive.com/,32807,0,13554
1629202047571,34629,OrangeHrm API,200,OK,Thread Group 1-467,text,true,,39289,136,94,94,https://opensource-demo.orangehrmlive.com/,26729,0,23125
1629202046897,35335,OrangeHrm API,200,OK,Thread Group 1-289,text,true,,39289,136,92,92,https://opensource-demo.orangehrmlive.com/,21991,0,16132
1629202046898,35351,OrangeHrm API,200,OK,Thread Group 1-296,text,true,,39289,136,91,91,https://opensource-demo.orangehrmlive.com/,32180,0,16889
1629202045786,36511,OrangeHrm API,200,OK,Thread Group 1-19,text,true,,39289,136,90,90,https://opensource-demo.orangehrmlive.com/,14416,0,8439
1629202047082,35218,OrangeHrm API,200,OK,Thread Group 1-384,text,true,,39289,136,89,89,https://opensource-demo.orangehrmlive.com/,33313,0,9177
1629202046993,35307,OrangeHrm API,200,OK,Thread Group 1-362,text,true,,39289,136,89,89,https://opensource-demo.orangehrmlive.com/,27925,0,23343
1629202047287,35126,OrangeHrm API,200,OK,Thread Group 1-396,text,true,,39289,136,87,87,https://opensource-demo.orangehrmlive.com/,32415,0,14422
1629202046862,35551,OrangeHrm API,200,OK,Thread Group 1-284,text,true,,39289,136,87,87,https://opensource-demo.orangehrmlive.com/,32782,0,23618
1629202047592,34962,OrangeHrm API,200,OK,Thread Group 1-480,text,true,,39289,136,85,85,https://opensource-demo.orangehrmlive.com/,34607,0,9489
1629202046240,36314,OrangeHrm API,200,OK,Thread Group 1-218,text,true,,39289,136,85,85,https://opensource-demo.orangehrmlive.com/,14981,0,12213
1629202046870,35722,OrangeHrm API,200,OK,Thread Group 1-288,text,true,,39289,136,83,83,https://opensource-demo.orangehrmlive.com/,25996,0,15213
1629202046900,35778,OrangeHrm API,200,OK,Thread Group 1-295,text,true,,39289,136,82,82,https://opensource-demo.orangehrmlive.com/,29309,0,9529
1629202046320,36362,OrangeHrm API,200,OK,Thread Group 1-200,text,true,,39289,136,81,81,https://opensource-demo.orangehrmlive.com/,33717,0,23586
1629202046419,36285,OrangeHrm API,200,OK,Thread Group 1-262,text,true,,39289,136,80,80,https://opensource-demo.orangehrmlive.com/,26618,0,13254
1629202047603,35104,OrangeHrm API,200,OK,Thread Group 1-479,text,true,,39289,136,79,79,https://opensource-demo.orangehrmlive.com/,30814,0,11064
1629202046601,36240,OrangeHrm API,200,OK,Thread Group 1-243,text,true,,39289,136,78,78,https://opensource-demo.orangehrmlive.com/,33467,0,31031
1629202047282,35690,OrangeHrm API,200,OK,Thread Group 1-402,text,true,,39289,136,77,77,https://opensource-demo.orangehrmlive.com/,34204,0,13169
1629202045911,37061,OrangeHrm API,200,OK,Thread Group 1-121,text,true,,39289,136,77,77,https://opensource-demo.orangehrmlive.com/,34775,0,11278
1629202046250,36729,OrangeHrm API,200,OK,Thread Group 1-222,text,true,,39289,136,75,75,https://opensource-demo.orangehrmlive.com/,31445,0,24253
1629202046399,36684,OrangeHrm API,200,OK,Thread Group 1-267,text,true,,39289,136,74,74,https://opensource-demo.orangehrmlive.com/,13499,0,9557
1629202047547,35570,OrangeHrm API,200,OK,Thread Group 1-456,text,true,,39289,136,73,73,https://opensource-demo.orangehrmlive.com/,34373,0,10806
1629202046034,37253,OrangeHrm API,200,OK,Thread Group 1-147,text,true,,39289,136,72,72,https://opensource-demo.orangehrmlive.com/,19699,0,7631
1629202046096,37328,OrangeHrm API,200,OK,Thread Group 1-176,text,true,,39289,136,71,71,https://opensource-demo.orangehrmlive.com/,6983,0,5925
1629202047596,35851,OrangeHrm API,200,OK,Thread Group 1-482,text,true,,39289,136,70,70,https://opensource-demo.orangehrmlive.com/,25402,0,13098
1629202047284,36163,OrangeHrm API,200,OK,Thread Group 1-400,text,true,,39289,136,70,70,https://opensource-demo.orangehrmlive.com/,13273,0,9314
1629202046768,36874,OrangeHrm API,200,OK,Thread Group 1-321,text,true,,39289,136,68,68,https://opensource-demo.orangehrmlive.com/,27907,0,9308
1629202047288,36394,OrangeHrm API,200,OK,Thread Group 1-395,text,true,,39289,136,67,67,https://opensource-demo.orangehrmlive.com/,35416,0,9875
1629202046235,37488,OrangeHrm API,200,OK,Thread Group 1-216,text,true,,39289,136,66,66,https://opensource-demo.orangehrmlive.com/,35117,0,22465
1629202047540,36185,OrangeHrm API,200,OK,Thread Group 1-455,text,true,,39289,136,65,65,https://opensource-demo.orangehrmlive.com/,35146,0,9718
1629202047586,36303,OrangeHrm API,200,OK,Thread Group 1-473,text,true,,39289,136,64,64,https://opensource-demo.orangehrmlive.com/,30093,0,16332
1629202047631,36303,OrangeHrm API,200,OK,Thread Group 1-438,text,true,,39289,136,63,63,https://opensource-demo.orangehrmlive.com/,14461,0,9516
1629202045703,38318,OrangeHrm API,200,OK,Thread Group 1-90,text,true,,39289,136,62,62,https://opensource-demo.orangehrmlive.com/,31967,0,15678
1629202046868,37177,OrangeHrm API,200,OK,Thread Group 1-287,text,true,,39289,136,61,61,https://opensource-demo.orangehrmlive.com/,25733,0,18846
1629202047589,36540,OrangeHrm API,200,OK,Thread Group 1-477,text,true,,39289,136,60,60,https://opensource-demo.orangehrmlive.com/,26796,0,14004
1629202047626,36503,OrangeHrm API,200,OK,Thread Group 1-444,text,true,,39289,136,60,60,https://opensource-demo.orangehrmlive.com/,28462,0,15770
1629202046996,37135,OrangeHrm API,200,OK,Thread Group 1-364,text,true,,39289,136,58,58,https://opensource-demo.orangehrmlive.com/,35229,0,9184
1629202046754,37482,OrangeHrm API,200,OK,Thread Group 1-316,text,true,,39289,136,57,57,https://opensource-demo.orangehrmlive.com/,17406,0,9355
1629202046972,37266,OrangeHrm API,200,OK,Thread Group 1-351,text,true,,39289,136,56,56,https://opensource-demo.orangehrmlive.com/,35736,0,13302
1629202047585,36687,OrangeHrm API,200,OK,Thread Group 1-474,text,true,,39289,136,55,55,https://opensource-demo.orangehrmlive.com/,29076,0,23069
1629202046093,38232,OrangeHrm API,200,OK,Thread Group 1-174,text,true,,39289,136,54,54,https://opensource-demo.orangehrmlive.com/,31597,0,25042
1629202047609,36733,OrangeHrm API,200,OK,Thread Group 1-429,text,true,,39289,136,53,53,https://opensource-demo.orangehrmlive.com/,27782,0,9458
1629202046382,38157,OrangeHrm API,200,OK,Thread Group 1-271,text,true,,39289,136,52,52,https://opensource-demo.orangehrmlive.com/,36608,0,9292
1629202047625,37002,OrangeHrm API,200,OK,Thread Group 1-445,text,true,,39289,136,51,51,https://opensource-demo.orangehrmlive.com/,29173,0,15485
1629202046070,38645,OrangeHrm API,200,OK,Thread Group 1-164,text,true,,39289,136,50,50,https://opensource-demo.orangehrmlive.com/,36769,0,7986
1629202046144,38588,OrangeHrm API,200,OK,Thread Group 1-187,text,true,,39289,136,49,49,https://opensource-demo.orangehrmlive.com/,37279,0,7065
1629202046299,38483,OrangeHrm API,200,OK,Thread Group 1-198,text,true,,39289,136,48,48,https://opensource-demo.orangehrmlive.com/,37130,0,8094
1629202045788,39046,OrangeHrm API,200,OK,Thread Group 1-28,text,true,,39289,136,47,47,https://opensource-demo.orangehrmlive.com/,17031,0,7099
1629202046748,38212,OrangeHrm API,200,OK,Thread Group 1-259,text,true,,39289,136,46,46,https://opensource-demo.orangehrmlive.com/,36896,0,34235
1629202047583,37442,OrangeHrm API,200,OK,Thread Group 1-470,text,true,,39289,136,45,45,https://opensource-demo.orangehrmlive.com/,35253,0,9166
1629202045763,39550,OrangeHrm API,200,OK,Thread Group 1-42,text,true,,39289,136,44,44,https://opensource-demo.orangehrmlive.com/,38283,0,7926
1629202047284,38067,OrangeHrm API,200,OK,Thread Group 1-401,text,true,,39289,136,43,43,https://opensource-demo.orangehrmlive.com/,36369,0,11894
1629202046229,39144,OrangeHrm API,200,OK,Thread Group 1-213,text,true,,39289,136,42,42,https://opensource-demo.orangehrmlive.com/,38070,0,36075
1629202045668,39739,OrangeHrm API,200,OK,Thread Group 1-79,text,true,,39289,136,41,41,https://opensource-demo.orangehrmlive.com/,32126,0,7241
1629202046903,38533,OrangeHrm API,200,OK,Thread Group 1-298,text,true,,39289,136,40,40,https://opensource-demo.orangehrmlive.com/,37464,0,35403
1629202046739,38847,OrangeHrm API,200,OK,Thread Group 1-312,text,true,,39289,136,39,39,https://opensource-demo.orangehrmlive.com/,37497,0,16371
1629202046232,39498,OrangeHrm API,200,OK,Thread Group 1-214,text,true,,39289,136,38,38,https://opensource-demo.orangehrmlive.com/,38311,0,22471
1629202045801,40031,OrangeHrm API,200,OK,Thread Group 1-58,text,true,,39289,136,37,37,https://opensource-demo.orangehrmlive.com/,37944,0,20078
1629202046038,39926,OrangeHrm API,200,OK,Thread Group 1-148,text,true,,39289,136,36,36,https://opensource-demo.orangehrmlive.com/,19572,0,7270
1629202046130,39841,OrangeHrm API,200,OK,Thread Group 1-225,text,true,,39289,136,35,35,https://opensource-demo.orangehrmlive.com/,38539,0,6882
1629202046051,40004,OrangeHrm API,200,OK,Thread Group 1-140,text,true,,39289,136,34,34,https://opensource-demo.orangehrmlive.com/,38584,0,6959
1629202047110,39307,OrangeHrm API,200,OK,Thread Group 1-393,text,true,,39289,136,33,33,https://opensource-demo.orangehrmlive.com/,6572,0,5054
1629202045744,40903,OrangeHrm API,200,OK,Thread Group 1-97,text,true,,39289,136,32,32,https://opensource-demo.orangehrmlive.com/,39441,0,7917
1629202046824,39824,OrangeHrm API,200,OK,Thread Group 1-354,text,true,,39289,136,31,31,https://opensource-demo.orangehrmlive.com/,18844,0,9513
1629202045694,41098,OrangeHrm API,200,OK,Thread Group 1-86,text,true,,39289,136,30,30,https://opensource-demo.orangehrmlive.com/,39641,0,7689
1629202047062,39806,OrangeHrm API,200,OK,Thread Group 1-367,text,true,,39289,136,29,29,https://opensource-demo.orangehrmlive.com/,38965,0,8145
1629202046132,40786,OrangeHrm API,200,OK,Thread Group 1-183,text,true,,39289,136,28,28,https://opensource-demo.orangehrmlive.com/,39543,0,7193
1629202045800,41168,OrangeHrm API,200,OK,Thread Group 1-57,text,true,,39289,136,27,27,https://opensource-demo.orangehrmlive.com/,39834,0,37927
1629202045681,41327,OrangeHrm API,200,OK,Thread Group 1-82,text,true,,39289,136,26,26,https://opensource-demo.orangehrmlive.com/,40546,0,8077
1629202047608,39454,OrangeHrm API,200,OK,Thread Group 1-426,text,true,,39289,136,25,25,https://opensource-demo.orangehrmlive.com/,37894,0,36283
1629202046938,40196,OrangeHrm API,200,OK,Thread Group 1-342,text,true,,39289,136,24,24,https://opensource-demo.orangehrmlive.com/,39602,0,38459
1629202045769,41380,OrangeHrm API,200,OK,Thread Group 1-35,text,true,,39289,136,23,23,https://opensource-demo.orangehrmlive.com/,39905,0,23945
1629202046393,40774,OrangeHrm API,200,OK,Thread Group 1-269,text,true,,39289,136,22,22,https://opensource-demo.orangehrmlive.com/,21799,0,18084
1629202047267,40319,OrangeHrm API,200,OK,Thread Group 1-403,text,true,,39289,136,21,21,https://opensource-demo.orangehrmlive.com/,39477,0,36972
1629202046905,40768,OrangeHrm API,200,OK,Thread Group 1-300,text,true,,39289,136,20,20,https://opensource-demo.orangehrmlive.com/,39467,0,37872
1629202046404,41522,OrangeHrm API,200,OK,Thread Group 1-264,text,true,,39289,136,19,19,https://opensource-demo.orangehrmlive.com/,39967,0,17665
1629202045596,42350,OrangeHrm API,200,OK,Thread Group 1-46,text,true,,39289,136,18,18,https://opensource-demo.orangehrmlive.com/,40773,0,8748
1629202046858,41222,OrangeHrm API,200,OK,Thread Group 1-282,text,true,,39289,136,17,17,https://opensource-demo.orangehrmlive.com/,40177,0,9616
1629202047620,40660,OrangeHrm API,200,OK,Thread Group 1-437,text,true,,39289,136,16,16,https://opensource-demo.orangehrmlive.com/,39359,0,37445
1629202047220,41183,OrangeHrm API,200,OK,Thread Group 1-417,text,true,,39289,136,15,15,https://opensource-demo.orangehrmlive.com/,22198,0,14610
1629202046968,41483,OrangeHrm API,200,OK,Thread Group 1-331,text,true,,39289,136,14,14,https://opensource-demo.orangehrmlive.com/,40098,0,23417
1629202045998,43257,OrangeHrm API,200,OK,Thread Group 1-142,text,true,,39289,136,13,13,https://opensource-demo.orangehrmlive.com/,42159,0,8036
1629202045770,43861,OrangeHrm API,200,OK,Thread Group 1-32,text,true,,39289,136,12,12,https://opensource-demo.orangehrmlive.com/,23821,0,16135
1629202046239,43567,OrangeHrm API,200,OK,Thread Group 1-217,text,true,,39289,136,11,11,https://opensource-demo.orangehrmlive.com/,42560,0,8586
1629202047580,42315,OrangeHrm API,200,OK,Thread Group 1-468,text,true,,39289,136,10,10,https://opensource-demo.orangehrmlive.com/,42314,0,9286
1629202046204,43718,OrangeHrm API,200,OK,Thread Group 1-190,text,true,,39289,136,9,9,https://opensource-demo.orangehrmlive.com/,42961,0,7564
1629202046619,43465,OrangeHrm API,200,OK,Thread Group 1-251,text,true,,39289,136,8,8,https://opensource-demo.orangehrmlive.com/,42267,0,7989
1629202046367,46008,OrangeHrm API,200,OK,Thread Group 1-240,text,true,,39289,136,7,7,https://opensource-demo.orangehrmlive.com/,44613,0,9217
1629202045790,46585,OrangeHrm API,200,OK,Thread Group 1-30,text,true,,39289,136,7,7,https://opensource-demo.orangehrmlive.com/,9223,0,6738
1629202045781,47303,OrangeHrm API,200,OK,Thread Group 1-12,text,true,,39289,136,5,5,https://opensource-demo.orangehrmlive.com/,45696,0,8607
1629202045986,48197,OrangeHrm API,200,OK,Thread Group 1-108,text,true,,39289,136,4,4,https://opensource-demo.orangehrmlive.com/,18224,0,6962
1629202046237,56088,OrangeHrm API,200,OK,Thread Group 1-215,text,true,,39289,136,3,3,https://opensource-demo.orangehrmlive.com/,55087,0,30033
1629202046701,59134,OrangeHrm API,200,OK,Thread Group 1-252,text,true,,39289,136,2,2,https://opensource-demo.orangehrmlive.com/,58066,0,56820
1629202045720,60884,OrangeHrm API,200,OK,Thread Group 1-92,text,true,,39289,136,1,1,https://opensource-demo.orangehrmlive.com/,59547,0,8700
